-- # LOCATION
INSERT INTO "LOCATION" (ID, COUNTRY, CITY) VALUES ('1', 'USA', 'New York');
INSERT INTO "LOCATION" (ID, COUNTRY, CITY) VALUES ('2', 'USA', 'Los Angeles');
INSERT INTO "LOCATION" (ID, COUNTRY, CITY) VALUES ('3', 'USA', 'Chicago');
INSERT INTO "LOCATION" (ID, COUNTRY, CITY) VALUES ('4', 'USA', 'Houston');
INSERT INTO "LOCATION" (ID, COUNTRY, CITY) VALUES ('5', 'USA', 'Phoenix');
INSERT INTO "LOCATION" (ID, COUNTRY, CITY) VALUES ('6', 'USA', 'Philadelphia');
INSERT INTO "LOCATION" (ID, COUNTRY, CITY) VALUES ('7', 'USA', 'San Antonio');
INSERT INTO "LOCATION" (ID, COUNTRY, CITY) VALUES ('8', 'USA', 'San Diego');
INSERT INTO "LOCATION" (ID, COUNTRY, CITY) VALUES ('9', 'USA', 'Dallas');
INSERT INTO "LOCATION" (ID, COUNTRY, CITY) VALUES ('10', 'USA', 'San Jose');
INSERT INTO "LOCATION" (ID, COUNTRY, CITY) VALUES ('11', 'Canada', 'Toronto');
INSERT INTO "LOCATION" (ID, COUNTRY, CITY) VALUES ('12', 'Canada', 'Vancouver');
INSERT INTO "LOCATION" (ID, COUNTRY, CITY) VALUES ('13', 'Canada', 'Montreal');
INSERT INTO "LOCATION" (ID, COUNTRY, CITY) VALUES ('14', 'Canada', 'Calgary');
INSERT INTO "LOCATION" (ID, COUNTRY, CITY) VALUES ('15', 'Canada', 'Ottawa');
INSERT INTO "LOCATION" (ID, COUNTRY, CITY) VALUES ('16', 'Canada', 'Edmonton');
INSERT INTO "LOCATION" (ID, COUNTRY, CITY) VALUES ('17', 'Mexico', 'Mexico City');
INSERT INTO "LOCATION" (ID, COUNTRY, CITY) VALUES ('18', 'Mexico', 'Guadalajara');
INSERT INTO "LOCATION" (ID, COUNTRY, CITY) VALUES ('19', 'Mexico', 'Monterrey');
INSERT INTO "LOCATION" (ID, COUNTRY, CITY) VALUES ('20', 'Mexico', 'Cancun');
INSERT INTO "LOCATION" (ID, COUNTRY, CITY) VALUES ('21', 'Argentina', 'Buenos Aires');
INSERT INTO "LOCATION" (ID, COUNTRY, CITY) VALUES ('22', 'Argentina', 'Cordoba');
INSERT INTO "LOCATION" (ID, COUNTRY, CITY) VALUES ('23', 'Argentina', 'Rosario');
INSERT INTO "LOCATION" (ID, COUNTRY, CITY) VALUES ('24', 'Brazil', 'Rio de Janeiro');
INSERT INTO "LOCATION" (ID, COUNTRY, CITY) VALUES ('25', 'Brazil', 'Sao Paulo');
INSERT INTO "LOCATION" (ID, COUNTRY, CITY) VALUES ('26', 'Brazil', 'Brasilia');
INSERT INTO "LOCATION" (ID, COUNTRY, CITY) VALUES ('27', 'Colombia', 'Bogota');
INSERT INTO "LOCATION" (ID, COUNTRY, CITY) VALUES ('28', 'Colombia', 'Medellin');
INSERT INTO "LOCATION" (ID, COUNTRY, CITY) VALUES ('29', 'Colombia', 'Cali');
INSERT INTO "LOCATION" (ID, COUNTRY, CITY) VALUES ('30', 'Chile', 'Santiago');
INSERT INTO "LOCATION" (ID, COUNTRY, CITY) VALUES ('31', 'Peru', 'Lima');
INSERT INTO "LOCATION" (ID, COUNTRY, CITY) VALUES ('32', 'Peru', 'Arequipa');
INSERT INTO "LOCATION" (ID, COUNTRY, CITY) VALUES ('33', 'Egypt', 'Cairo');
INSERT INTO "LOCATION" (ID, COUNTRY, CITY) VALUES ('34', 'Egypt', 'Alexandria');
INSERT INTO "LOCATION" (ID, COUNTRY, CITY) VALUES ('35', 'South Africa', 'Cape Town');
INSERT INTO "LOCATION" (ID, COUNTRY, CITY) VALUES ('36', 'South Africa', 'Johannesburg');
INSERT INTO "LOCATION" (ID, COUNTRY, CITY) VALUES ('37', 'South Africa', 'Durban');
INSERT INTO "LOCATION" (ID, COUNTRY, CITY) VALUES ('38', 'Nigeria', 'Lagos');
INSERT INTO "LOCATION" (ID, COUNTRY, CITY) VALUES ('39', 'Nigeria', 'Abuja');
INSERT INTO "LOCATION" (ID, COUNTRY, CITY) VALUES ('40', 'Kenya', 'Nairobi');
INSERT INTO "LOCATION" (ID, COUNTRY, CITY) VALUES ('41', 'Kenya', 'Mombasa');
INSERT INTO "LOCATION" (ID, COUNTRY, CITY) VALUES ('42', 'India', 'Mumbai');
INSERT INTO "LOCATION" (ID, COUNTRY, CITY) VALUES ('43', 'India', 'Delhi');
INSERT INTO "LOCATION" (ID, COUNTRY, CITY) VALUES ('44', 'India', 'Bangalore');
INSERT INTO "LOCATION" (ID, COUNTRY, CITY) VALUES ('45', 'India', 'Kolkata');
INSERT INTO "LOCATION" (ID, COUNTRY, CITY) VALUES ('46', 'Japan', 'Tokyo');
INSERT INTO "LOCATION" (ID, COUNTRY, CITY) VALUES ('47', 'Japan', 'Osaka');
INSERT INTO "LOCATION" (ID, COUNTRY, CITY) VALUES ('48', 'China', 'Beijing');
INSERT INTO "LOCATION" (ID, COUNTRY, CITY) VALUES ('49', 'China', 'Shanghai');
INSERT INTO "LOCATION" (ID, COUNTRY, CITY) VALUES ('50', 'China', 'Guangzhou');
INSERT INTO "LOCATION" (ID, COUNTRY, CITY) VALUES ('51', 'Australia', 'Sydney');
INSERT INTO "LOCATION" (ID, COUNTRY, CITY) VALUES ('52', 'Australia', 'Melbourne');
INSERT INTO "LOCATION" (ID, COUNTRY, CITY) VALUES ('53', 'Australia', 'Brisbane');
INSERT INTO "LOCATION" (ID, COUNTRY, CITY) VALUES ('54', 'New Zealand', 'Auckland');
INSERT INTO "LOCATION" (ID, COUNTRY, CITY) VALUES ('55', 'New Zealand', 'Wellington');
INSERT INTO "LOCATION" (ID, COUNTRY, CITY) VALUES ('56', 'Russia', 'Moscow');
INSERT INTO "LOCATION" (ID, COUNTRY, CITY) VALUES ('57', 'Russia', 'Saint Petersburg');
INSERT INTO "LOCATION" (ID, COUNTRY, CITY) VALUES ('58', 'Germany', 'Berlin');
INSERT INTO "LOCATION" (ID, COUNTRY, CITY) VALUES ('59', 'Germany', 'Munich');
INSERT INTO "LOCATION" (ID, COUNTRY, CITY) VALUES ('60', 'France', 'Paris');
INSERT INTO "LOCATION" (ID, COUNTRY, CITY) VALUES ('61', 'France', 'Marseille');
INSERT INTO "LOCATION" (ID, COUNTRY, CITY) VALUES ('62', 'Spain', 'Madrid');
INSERT INTO "LOCATION" (ID, COUNTRY, CITY) VALUES ('63', 'Spain', 'Barcelona');
INSERT INTO "LOCATION" (ID, COUNTRY, CITY) VALUES ('64', 'Italy', 'Rome');
INSERT INTO "LOCATION" (ID, COUNTRY, CITY) VALUES ('65', 'Italy', 'Milan');
INSERT INTO "LOCATION" (ID, COUNTRY, CITY) VALUES ('66', 'UK', 'London');
INSERT INTO "LOCATION" (ID, COUNTRY, CITY) VALUES ('67', 'UK', 'Manchester');
INSERT INTO "LOCATION" (ID, COUNTRY, CITY) VALUES ('68', 'Sweden', 'Stockholm');
INSERT INTO "LOCATION" (ID, COUNTRY, CITY) VALUES ('69', 'Sweden', 'Gothenburg');
INSERT INTO "LOCATION" (ID, COUNTRY, CITY) VALUES ('70', 'Norway', 'Oslo');
INSERT INTO "LOCATION" (ID, COUNTRY, CITY) VALUES ('71', 'Denmark', 'Copenhagen');
INSERT INTO "LOCATION" (ID, COUNTRY, CITY) VALUES ('72', 'Finland', 'Helsinki');
INSERT INTO "LOCATION" (ID, COUNTRY, CITY) VALUES ('73', 'Poland', 'Warsaw');
INSERT INTO "LOCATION" (ID, COUNTRY, CITY) VALUES ('74', 'Poland', 'Krakow');
INSERT INTO "LOCATION" (ID, COUNTRY, CITY) VALUES ('75', 'Ukraine', 'Kyiv');
INSERT INTO "LOCATION" (ID, COUNTRY, CITY) VALUES ('76', 'Ukraine', 'Lviv');
INSERT INTO "LOCATION" (ID, COUNTRY, CITY) VALUES ('77', 'Belarus', 'Minsk');
INSERT INTO "LOCATION" (ID, COUNTRY, CITY) VALUES ('78', 'Belgium', 'Brussels');
INSERT INTO "LOCATION" (ID, COUNTRY, CITY) VALUES ('79', 'Czech Republic', 'Prague');
INSERT INTO "LOCATION" (ID, COUNTRY, CITY) VALUES ('80', 'Austria', 'Vienna');
INSERT INTO "LOCATION" (ID, COUNTRY, CITY) VALUES ('81', 'Switzerland', 'Zurich');
INSERT INTO "LOCATION" (ID, COUNTRY, CITY) VALUES ('82', 'Switzerland', 'Geneva');
INSERT INTO "LOCATION" (ID, COUNTRY, CITY) VALUES ('83', 'Netherlands', 'Amsterdam');
INSERT INTO "LOCATION" (ID, COUNTRY, CITY) VALUES ('84', 'Netherlands', 'Rotterdam');
INSERT INTO "LOCATION" (ID, COUNTRY, CITY) VALUES ('85', 'Luxembourg', 'Luxembourg City');
INSERT INTO "LOCATION" (ID, COUNTRY, CITY) VALUES ('86', 'Portugal', 'Lisbon');
INSERT INTO "LOCATION" (ID, COUNTRY, CITY) VALUES ('87', 'Portugal', 'Porto');
INSERT INTO "LOCATION" (ID, COUNTRY, CITY) VALUES ('88', 'Turkey', 'Istanbul');
INSERT INTO "LOCATION" (ID, COUNTRY, CITY) VALUES ('89', 'Turkey', 'Ankara');
INSERT INTO "LOCATION" (ID, COUNTRY, CITY) VALUES ('90', 'Saudi Arabia', 'Riyadh');
INSERT INTO "LOCATION" (ID, COUNTRY, CITY) VALUES ('91', 'Saudi Arabia', 'Jeddah');
INSERT INTO "LOCATION" (ID, COUNTRY, CITY) VALUES ('92', 'United Arab Emirates', 'Dubai');
INSERT INTO "LOCATION" (ID, COUNTRY, CITY) VALUES ('93', 'United Arab Emirates', 'Abu Dhabi');
INSERT INTO "LOCATION" (ID, COUNTRY, CITY) VALUES ('94', 'Qatar', 'Doha');
INSERT INTO "LOCATION" (ID, COUNTRY, CITY) VALUES ('95', 'Jordan', 'Amman');
INSERT INTO "LOCATION" (ID, COUNTRY, CITY) VALUES ('96', 'Lebanon', 'Beirut');
INSERT INTO "LOCATION" (ID, COUNTRY, CITY) VALUES ('97', 'Kuwait', 'Kuwait City');
INSERT INTO "LOCATION" (ID, COUNTRY, CITY) VALUES ('98', 'Bahrain', 'Manama');
INSERT INTO "LOCATION" (ID, COUNTRY, CITY) VALUES ('99', 'Oman', 'Muscat');
INSERT INTO "LOCATION" (ID, COUNTRY, CITY) VALUES ('100', 'Egypt', 'Sharm El Sheikh');

-- # RANK
-- Enlisted
INSERT INTO "RANK" (ID, NAME, DESCRIPTION) VALUES (1, 'Private', 'Entry-level enlisted personnel');
INSERT INTO "RANK" (ID, NAME, DESCRIPTION) VALUES (2, 'Private First Class', 'Junior enlisted rank above Private');
INSERT INTO "RANK" (ID, NAME, DESCRIPTION) VALUES (3, 'Corporal', 'Junior non-commissioned officer');
INSERT INTO "RANK" (ID, NAME, DESCRIPTION) VALUES (4, 'Specialist', 'Technical enlisted rank equivalent to Corporal');
-- Non-Commissioned Officers (NCOs)
INSERT INTO "RANK" (ID, NAME, DESCRIPTION) VALUES (5, 'Sergeant', 'First-line leader, supervises lower ranks');
INSERT INTO "RANK" (ID, NAME, DESCRIPTION) VALUES (6, 'Staff Sergeant', 'Experienced NCO responsible for small units');
INSERT INTO "RANK" (ID, NAME, DESCRIPTION) VALUES (7, 'Sergeant First Class', 'Senior NCO with leadership over squads/platoons');
INSERT INTO "RANK" (ID, NAME, DESCRIPTION) VALUES (8, 'Master Sergeant', 'Advanced NCO with significant leadership duties');
INSERT INTO "RANK" (ID, NAME, DESCRIPTION) VALUES (9, 'First Sergeant', 'Senior enlisted advisor to a company commander');
INSERT INTO "RANK" (ID, NAME, DESCRIPTION) VALUES (10, 'Sergeant Major', 'Top-level NCO with leadership across battalions');
-- Commissioned Officers
INSERT INTO "RANK" (ID, NAME, DESCRIPTION) VALUES (11, 'Second Lieutenant', 'Entry-level commissioned officer');
INSERT INTO "RANK" (ID, NAME, DESCRIPTION) VALUES (12, 'First Lieutenant', 'Intermediate commissioned officer');
INSERT INTO "RANK" (ID, NAME, DESCRIPTION) VALUES (13, 'Captain', 'Leads a company-sized unit');
INSERT INTO "RANK" (ID, NAME, DESCRIPTION) VALUES (14, 'Major', 'Field grade officer managing battalion operations');
INSERT INTO "RANK" (ID, NAME, DESCRIPTION) VALUES (15, 'Lieutenant Colonel', 'Commands a battalion');
INSERT INTO "RANK" (ID, NAME, DESCRIPTION) VALUES (16, 'Colonel', 'Commands a brigade or regiment');
INSERT INTO "RANK" (ID, NAME, DESCRIPTION) VALUES (17, 'Brigadier General', 'Lowest general officer rank');
INSERT INTO "RANK" (ID, NAME, DESCRIPTION) VALUES (18, 'Major General', 'Commands a division');
INSERT INTO "RANK" (ID, NAME, DESCRIPTION) VALUES (19, 'Lieutenant General', 'Commands a corps');
INSERT INTO "RANK" (ID, NAME, DESCRIPTION) VALUES (20, 'General', 'Highest peacetime rank, commands major commands');

-- Base
INSERT INTO Base (id, name, location_id, type) VALUES (1, 'Alpha Barracks', 1, '1');
INSERT INTO Base (id, name, location_id, type) VALUES (2, 'Delta Storage', 1, '2');
INSERT INTO Base (id, name, location_id, type) VALUES (3, 'Charlie Barracks', 1, '1');
INSERT INTO Base (id, name, location_id, type) VALUES (4, 'Echo Storage', 1, '2');
INSERT INTO Base (id, name, location_id, type) VALUES (5, 'Foxtrot Barracks', 1, '1');
INSERT INTO Base (id, name, location_id, type) VALUES (6, 'Golf Storage', 1, '2');
INSERT INTO Base (id, name, location_id, type) VALUES (7, 'Hotel Barracks', 1, '1');
INSERT INTO Base (id, name, location_id, type) VALUES (8, 'India Storage', 1, '2');
INSERT INTO Base (id, name, location_id, type) VALUES (9, 'Juliet Barracks', 1, '1');
INSERT INTO Base (id, name, location_id, type) VALUES (10, 'Kilo Storage', 1, '2');
INSERT INTO Base (id, name, location_id, type) VALUES (11, 'Lima Barracks', 1, '1');
INSERT INTO Base (id, name, location_id, type) VALUES (12, 'Mike Storage', 1, '2');


-- Equipment_Type
INSERT INTO Equipment_Type (id, type) VALUES (1, 'Rifle');
INSERT INTO Equipment_Type (id, type) VALUES (2, 'Helmet');

-- Vehicle_Type
INSERT INTO Vehicle_Type (id, model_name, name) 
VALUES (1, 'HMMWV', 'Humvee');

-- Soldier
INSERT INTO Soldier (id, first_name, last_name, date_of_joining, rank_id, chief_id, vehicle_id, barracks_id) VALUES (1, 'John', 'Doe', DATE '2022-01-10', 1, 1, NULL, 1);
INSERT INTO Soldier (id, first_name, last_name, date_of_joining, rank_id, chief_id, vehicle_id, barracks_id) VALUES (2, 'Jane', 'Smith', DATE '2023-03-15', 1, 1, NULL, 1);
INSERT INTO Soldier (id, first_name, last_name, date_of_joining, rank_id, chief_id, vehicle_id, barracks_id) VALUES (3, 'Michael', 'Johnson', DATE '2024-01-20', 2, 1, NULL, 2);
INSERT INTO Soldier (id, first_name, last_name, date_of_joining, rank_id, chief_id, vehicle_id, barracks_id) VALUES (4, 'Emily', 'Brown', DATE '2023-07-01', 3, 2, NULL, 1);
INSERT INTO Soldier (id, first_name, last_name, date_of_joining, rank_id, chief_id, vehicle_id, barracks_id) VALUES (5, 'David', 'Miller', DATE '2024-02-10', 1, 1, NULL, 2);
INSERT INTO Soldier (id, first_name, last_name, date_of_joining, rank_id, chief_id, vehicle_id, barracks_id) VALUES (6, 'Sarah', 'Davis', DATE '2023-09-05', 2, 2, NULL, 1);
INSERT INTO Soldier (id, first_name, last_name, date_of_joining, rank_id, chief_id, vehicle_id, barracks_id) VALUES (7, 'Chris', 'Wilson', DATE '2024-03-22', 1, 1, NULL, 2);
INSERT INTO Soldier (id, first_name, last_name, date_of_joining, rank_id, chief_id, vehicle_id, barracks_id) VALUES (8, 'Jessica', 'Moore', DATE '2023-11-11', 3, 2, NULL, 1);
INSERT INTO Soldier (id, first_name, last_name, date_of_joining, rank_id, chief_id, vehicle_id, barracks_id) VALUES (9, 'Daniel', 'Taylor', DATE '2024-04-01', 2, 1, NULL, 2);
INSERT INTO Soldier (id, first_name, last_name, date_of_joining, rank_id, chief_id, vehicle_id, barracks_id) VALUES (10, 'Laura', 'Anderson', DATE '2023-12-01', 1, 2, NULL, 1);

-- Vehicle
INSERT INTO Vehicle (id, vehicle_type_id, storage_id, soldier_id)
VALUES (1, 1, 2, 1);

-- Specialty
INSERT INTO Specialty (id, name, description) VALUES (1, 'Sniper', 'Long range engagement');
INSERT INTO Specialty (id, name, description) VALUES (2, 'Medic', 'Combat medical support');

-- Specializing
INSERT INTO Specializing (specialty_id, soldier_id) VALUES (1, 1);
INSERT INTO Specializing (specialty_id, soldier_id) VALUES (2, 2);

-- Equipment
INSERT INTO Equipment (id, status, equipment_type_id, soldier_id, storage_id) VALUES (1, 1, 1, 1, 2);
INSERT INTO Equipment (id, status, equipment_type_id, soldier_id, storage_id) VALUES (2, 0, 2, NULL, 2);

-- Mission
INSERT INTO Mission (id, name, description, start_date, end_date, status, location_id) VALUES (1, 'Rescue Op', 'Rescue hostages in Zone X', DATE '2025-01-01', DATE '2025-01-10', 1, 1);
INSERT INTO Mission (id, name, description, start_date, end_date, status, location_id) VALUES (2, 'Silent Echo', 'Infiltrate and disable hostile communication array', DATE '2026-10-10', DATE '2026-10-15', 1, 1);
INSERT INTO Mission (id, name, description, start_date, end_date, status, location_id) VALUES (3, 'Operation Firefly', 'Recover lost drone with critical data', DATE '2026-11-01', DATE '2026-11-03', 1, 2);
INSERT INTO Mission (id, name, description, start_date, end_date, status, location_id) VALUES (4, 'Azure Dragon', 'Secure newly discovered mineral deposit', DATE '2026-12-05', DATE '2026-12-20', 1, 3);
INSERT INTO Mission (id, name, description, start_date, end_date, status, location_id) VALUES (5, 'Ghost Recon', 'Observe and report on insurgent activity', DATE '2027-01-10', DATE '2027-01-25', 1, 4);
INSERT INTO Mission (id, name, description, start_date, end_date, status, location_id) VALUES (6, 'Deep Freeze', 'Exfiltrate high-value defector from arctic outpost', DATE '2027-02-01', DATE '2027-02-07', 1, 5);
INSERT INTO Mission (id, name, description, start_date, end_date, status, location_id) VALUES (7, 'Sandstorm Protocol', 'Escort humanitarian aid convoy through conflict zone', DATE '2027-03-15', DATE '2027-03-22', 1, 6);
INSERT INTO Mission (id, name, description, start_date, end_date, status, location_id) VALUES (8, 'Urban Shield', 'Provide security for international peace summit', DATE '2027-04-01', DATE '2027-04-05', 1, 7);
INSERT INTO Mission (id, name, description, start_date, end_date, status, location_id) VALUES (9, 'Viper Strike', 'Neutralize designated terrorist cell', DATE '2027-05-10', DATE '2027-05-12', 1, 8);


-- Participation
INSERT INTO Participation (id, soldier_id, mission_id) VALUES (1, 1, 1);
INSERT INTO Participation (id, soldier_id, mission_id) VALUES (2, 2, 1);
INSERT INTO Participation (id, soldier_id, mission_id) VALUES (3, 3, 1);
INSERT INTO Participation (id, soldier_id, mission_id) VALUES (4, 4, 2);
INSERT INTO Participation (id, soldier_id, mission_id) VALUES (5, 5, 2);
INSERT INTO Participation (id, soldier_id, mission_id) VALUES (6, 6, 2);
INSERT INTO Participation (id, soldier_id, mission_id) VALUES (7, 7, 3);
INSERT INTO Participation (id, soldier_id, mission_id) VALUES (8, 8, 3);
INSERT INTO Participation (id, soldier_id, mission_id) VALUES (9, 9, 3);
INSERT INTO Participation (id, soldier_id, mission_id) VALUES (10, 10, 4);
INSERT INTO Participation (id, soldier_id, mission_id) VALUES (11, 1, 4);
INSERT INTO Participation (id, soldier_id, mission_id) VALUES (12, 2, 4);
INSERT INTO Participation (id, soldier_id, mission_id) VALUES (13, 3, 5);
INSERT INTO Participation (id, soldier_id, mission_id) VALUES (14, 4, 5);
INSERT INTO Participation (id, soldier_id, mission_id) VALUES (15, 5, 5);
INSERT INTO Participation (id, soldier_id, mission_id) VALUES (16, 6, 6);
INSERT INTO Participation (id, soldier_id, mission_id) VALUES (17, 7, 6);
INSERT INTO Participation (id, soldier_id, mission_id) VALUES (18, 8, 6);
INSERT INTO Participation (id, soldier_id, mission_id) VALUES (19, 9, 7);
INSERT INTO Participation (id, soldier_id, mission_id) VALUES (20, 10, 7);
INSERT INTO Participation (id, soldier_id, mission_id) VALUES (21, 1, 7);
INSERT INTO Participation (id, soldier_id, mission_id) VALUES (22, 2, 8);
INSERT INTO Participation (id, soldier_id, mission_id) VALUES (23, 3, 8);
INSERT INTO Participation (id, soldier_id, mission_id) VALUES (24, 4, 8);
INSERT INTO Participation (id, soldier_id, mission_id) VALUES (25, 5, 9);
INSERT INTO Participation (id, soldier_id, mission_id) VALUES (26, 6, 9);
INSERT INTO Participation (id, soldier_id, mission_id) VALUES (27, 7, 9);
INSERT INTO Participation (id, soldier_id, mission_id) VALUES (28, 8, 1);
INSERT INTO Participation (id, soldier_id, mission_id) VALUES (29, 9, 2);
INSERT INTO Participation (id, soldier_id, mission_id) VALUES (30, 10, 3);
INSERT INTO Participation (id, soldier_id, mission_id) VALUES (31, 1, 5);
INSERT INTO Participation (id, soldier_id, mission_id) VALUES (32, 2, 6);

-- Medal_Type
INSERT INTO Medal_Type (id, name) VALUES (1, 'Bravery');
INSERT INTO Medal_Type (id, name) VALUES (2, 'Service');

-- Medal
INSERT INTO Medal (id, medal_type_id, award_date, participation_id, description) VALUES (1, 1, DATE '2025-01-15', 1, 'Exceptional courage in battle');
INSERT INTO Medal (id, medal_type_id, award_date, participation_id, description) VALUES (2, 2, DATE '2025-01-20', 2, 'Consistent service under pressure');
INSERT INTO Medal (id, medal_type_id, award_date, participation_id, description) VALUES (3, 1, DATE '2025-02-01', 3, 'Bravery in a reconnaissance mission');
INSERT INTO Medal (id, medal_type_id, award_date, participation_id, description) VALUES (4, 2, DATE '2025-02-10', 4, 'Outstanding logistical support');
INSERT INTO Medal (id, medal_type_id, award_date, participation_id, description) VALUES (5, 1, DATE '2025-02-15', 5, 'Heroic actions during enemy engagement');
INSERT INTO Medal (id, medal_type_id, award_date, participation_id, description) VALUES (6, 2, DATE '2025-03-01', 6, 'Dedication to duty in adverse conditions');
INSERT INTO Medal (id, medal_type_id, award_date, participation_id, description) VALUES (7, 1, DATE '2025-03-05', 7, 'Distinguished service in combat');
INSERT INTO Medal (id, medal_type_id, award_date, participation_id, description) VALUES (8, 2, DATE '2025-03-12', 8, 'Exemplary conduct and leadership');
INSERT INTO Medal (id, medal_type_id, award_date, participation_id, description) VALUES (9, 1, DATE '2025-03-20', 9, 'Valor in the face of danger');
INSERT INTO Medal (id, medal_type_id, award_date, participation_id, description) VALUES (10, 2, DATE '2025-04-01', 10, 'Meritorious achievement in training');
INSERT INTO Medal (id, medal_type_id, award_date, participation_id, description) VALUES (11, 1, DATE '2025-04-05', 11, 'Courageous act saving lives');
INSERT INTO Medal (id, medal_type_id, award_date, participation_id, description) VALUES (12, 2, DATE '2025-04-10', 12, 'Exceptional performance in a critical role');
INSERT INTO Medal (id, medal_type_id, award_date, participation_id, description) VALUES (13, 1, DATE '2024-09-01', 13, 'Exceptional bravery during a high-risk extraction operation.');
INSERT INTO Medal (id, medal_type_id, award_date, participation_id, description) VALUES (14, 2, DATE '2024-09-10', 14, 'Meritorious service in maintaining critical communication lines.');
INSERT INTO Medal (id, medal_type_id, award_date, participation_id, description) VALUES (15, 1, DATE '2024-09-15', 15, 'Gallantry in defending a besieged outpost.');
INSERT INTO Medal (id, medal_type_id, award_date, participation_id, description) VALUES (16, 2, DATE '2024-09-22', 16, 'Outstanding dedication in troop welfare and logistics.');
INSERT INTO Medal (id, medal_type_id, award_date, participation_id, description) VALUES (17, 1, DATE '2024-10-03', 17, 'Acts of heroism during a direct engagement with enemy forces.');
INSERT INTO Medal (id, medal_type_id, award_date, participation_id, description) VALUES (18, 2, DATE '2024-10-11', 18, 'Consistent and reliable service in field operations.');
INSERT INTO Medal (id, medal_type_id, award_date, participation_id, description) VALUES (19, 1, DATE '2024-10-20', 19, 'Conspicuous courage under heavy fire.');
INSERT INTO Medal (id, medal_type_id, award_date, participation_id, description) VALUES (20, 2, DATE '2024-10-28', 20, 'Valuable contributions to strategic planning and execution.');
INSERT INTO Medal (id, medal_type_id, award_date, participation_id, description) VALUES (21, 1, DATE '2024-11-05', 21, 'Selfless actions to protect comrades during an ambush.');
INSERT INTO Medal (id, medal_type_id, award_date, participation_id, description) VALUES (22, 2, DATE '2024-11-14', 22, 'Distinguished record of service in multiple deployments.');
INSERT INTO Medal (id, medal_type_id, award_date, participation_id, description) VALUES (23, 1, DATE '2024-11-20', 23, 'Exceptional initiative in overcoming a critical obstacle.');
INSERT INTO Medal (id, medal_type_id, award_date, participation_id, description) VALUES (24, 2, DATE '2024-11-29', 24, 'Reliable and consistent performance in a support role.');
INSERT INTO Medal (id, medal_type_id, award_date, participation_id, description) VALUES (25, 1, DATE '2024-12-07', 25, 'Demonstrating extreme bravery during a rescue mission.');
INSERT INTO Medal (id, medal_type_id, award_date, participation_id, description) VALUES (26, 2, DATE '2024-12-16', 26, 'Commitment to excellence in technical support and maintenance.');
INSERT INTO Medal (id, medal_type_id, award_date, participation_id, description) VALUES (27, 1, DATE '2024-12-25', 27, 'Acts of valor performed under direct enemy threat.');
INSERT INTO Medal (id, medal_type_id, award_date, participation_id, description) VALUES (28, 2, DATE '2025-01-03', 28, 'Long-standing dedication to military service and values.');
INSERT INTO Medal (id, medal_type_id, award_date, participation_id, description) VALUES (29, 1, DATE '2025-01-10', 29, 'Courageous actions leading to a significant tactical advantage.');
INSERT INTO Medal (id, medal_type_id, award_date, participation_id, description) VALUES (30, 2, DATE '2025-01-18', 30, 'Professionalism and integrity in all assigned duties.');
INSERT INTO Medal (id, medal_type_id, award_date, participation_id, description) VALUES (31, 1, DATE '2025-01-25', 31, 'Displaying exceptional leadership and bravery in crisis.');
INSERT INTO Medal (id, medal_type_id, award_date, participation_id, description) VALUES (32, 2, DATE '2025-02-01', 32, 'Distinguished performance in administrative and planning roles.');

commit;
